,cagr,volatility,sharpe,max_drawdown,romad,total_return
drawdown,0.35705950093639083,0.3972410120009173,0.7669890383194388,0.32117264169357773,1.111736974399743,0.8828608841705299
date,0.35705950093639083,0.3972410120009173,0.7669890383194388,2023-05-01 09:30:00-04:00,1.111736974399743,0.8828608841705299
